account;1359;nr
money;676;nr
bank;527;nr
frs;380;nr
sara;371;nom
card;331;nr
transaction;238;nom
loan;235;nr
afriland;211;nr
transfer;190;nr
balancer;159;ver
salary;151;nr
received;147;nr
month;127;nr
app;124;nr
deducted;120;nr
momo;109;nr
message;109;nom
send;106;nr
withdraw;96;nr
debited;96;nr
time;95;nr
document;88;nom
branch;86;nr
understand;82;nr
receive;82;nr
mobile;78;nom
manager;76;nom
customer;74;nr
access;74;nr
waiting;70;nr
code;70;nom
atm;68;nr
online;66;nr
service;63;nom
current;62;nr
application;61;nom
phone;60;nom
wallet;59;nr
told;59;nr
pay;57;nr
weeks;56;nr
debit;55;nr
school;54;nr
charge;54;nom
check;53;nr
banking;53;nr
yesterday;51;nr
issue;51;nom
mtn;50;nr
applied;50;nr
withdrawal;49;nr
unable;49;nr
machine;49;nom
cameroon;49;nr
orange;47;nom
months;47;nr
fcfa;45;nr
week;44;nr
visa;43;nom
password;42;nr
international;42;adj
credited;42;nr
savings;41;nr
response;41;nr
agency;41;nr
monthly;40;nr
days;40;nr
xaf;39;nr
contact;39;nom
error;38;nr
day;38;nr
pls;36;nr
wrong;34;nr
update;34;nom
request;34;nr
deposit;34;nr
blocked;34;nr
funds;33;nr
deduction;33;nr
team;32;nom
prepaid;32;nr
sms;31;nr
people;31;adj
deposited;31;nr
signed;30;nr
reply;29;nr
happening;29;nom
fees;29;nr
email;29;nom
times;28;nr
details;28;nr
april;28;nr
accounts;28;nr
supposed;27;nr
left;27;nr
euro;26;nom
credit;25;nr
afternoon;25;nr
sum;24;nr
requested;24;nr
fee;24;nr
cut;24;nr
bamenda;24;nr
office;23;nom
noticed;23;nr
hours;23;nr
february;23;nr
enter;23;ver
checked;23;nr
receiving;22;nr
process;22;nom
created;22;nr
business;22;nom
bafoussam;22;nr
payments;21;nr
payment;21;nr
otp;21;nr
confirm;21;nr
agent;21;nom
wait;20;nr
version;20;nom
usd;20;nr
thursday;20;nr
monday;20;nr
complete;20;nr
cash;20;adv
called;20;nr
yaounde;19;nr
withdrawn;19;nr
telling;19;nr
situation;19;nom
sending;19;nr
madam;19;nr
kindly;19;nr
customers;19;nr
avail;19;nr
august;19;nr
answer;19;nr
transferred;18;nr
tomorrow;18;nr
thé;18;nom
saturday;18;nr
reason;18;nr
country;18;adj
apply;18;nr
worry;17;nr
withdrew;17;nr
verify;17;nr
suspended;17;nr
sign;17;nr
operation;17;nr
negative;17;nr
june;17;nr
changer;17;ver
tram;16;nom
total;16;adj
saving;16;nr
removed;16;nr
personal;16;nr
person;16;nr
pdf;16;nr
paying;16;nr
lost;16;nr
login;16;adj
letter;16;nr
hope;16;nr
friday;16;nr
filer;16;ver
create;16;nr
afb;16;nr
talk;15;nr
solve;15;nr
registration;15;nr
paid;15;nr
march;15;nr
downloaded;15;nr
confirmation;15;nom
collect;15;nr
wednesday;14;nr
talking;14;nr
resolved;14;nr
refund;14;nr
limbe;14;nom
guys;14;nr
explain;14;nr
based;14;nr
support;13;nom
pending;13;nr
network;13;nr
live;13;adj
history;13;nr
franc;13;nom
form;13;nr
financial;13;nr
expecting;13;nr
douala;13;nr
concern;13;nr
clarification;13;nom
valid;12;nr
unblock;12;nr
term;12;nr
registered;12;nr
provide;12;nr
january;12;nr
happy;12;nr
eco;12;nr
complaint;12;nr
complain;12;nr
urgently;11;nr
travel;11;nr
subscribe;11;nr
statement;11;nr
start;11;nr
standing;11;nom
speak;11;nr
sender;11;nr
refunded;11;nr
produce;11;nr
pass;11;nr
overdraft;11;nr
notification;11;nom
meaning;11;nr
maximum;11;nom
lover;11;ver
limit;11;nr
happened;11;nr
follow;11;nr
entered;11;nr
dschang;11;nr
company;11;nr
buea;11;nr
airtime;11;nr
yde;10;nr
write;10;nr
user;10;ver
uae;10;nr
treated;10;nr
swiss;10;nr
save;10;nr
responding;10;nr
renew;10;nr
remove;10;nr
reached;10;nr
question;10;nom
processing;10;nr
power;10;nr
pack;10;nom
normal;10;adj
mistake;10;nr
missing;10;nr
mendong;10;nr
main;10;nom
mail;10;nom
link;10;nr
grateful;10;nr
functioning;10;nr
explanation;10;nr
expired;10;nr
dubai;10;nr
discovered;10;nr
coming;10;nr
changed;10;nr
beneficiary;10;nr
attorney;10;nom
assistance;10;nom
actif;10;adj
wrote;9;nr
writing;9;nr
verification;9;nr
treat;9;nr
thousands;9;nr
subscription;9;nr
solved;9;nr
short;9;nom
screenshot;9;nr
sarah;9;nr
reference;9;nr
receiver;9;nr
rater;9;ver
project;9;nr
previous;9;nr
pin;9;nom
picture;9;nr
paypal;9;nr
partner;9;nom
november;9;nr
mac;9;nom
log;9;nr
life;9;nr
leave;9;nr
incident;9;nom
gimac;9;nr
feedback;9;nom
failed;9;nr
eligible;9;nr
clore;9;ver
charged;9;nr
cfa;9;nr
carry;9;nom
attestation;9;nom
whatsapp;8;nr
updates;8;nr
town;8;nr
supposer;8;ver
successful;8;nr
subscribed;8;nr
stephen;8;nr
started;8;nr
returned;8;nr
required;8;nr
requesting;8;nr
redraw;8;nr
presently;8;nr
option;8;nom
notice;8;nom
linked;8;nr
kumba;8;nr
july;8;nr
insurance;8;nr
frustrating;8;nr
finally;8;nr
ethiopia;8;nr
emmanuel;8;nr
dial;8;nr
deduct;8;nr
december;8;nr
dad;8;nr
client;8;nom
cards;8;nr
caracters;8;nr
block;8;nom
authorization;8;nr
add;8;nr
urgent;7;adj
surprised;7;nr
submitted;7;nr
servir;7;ver
revolut;7;nr
respect;7;nom
register;7;nr
reclamation;7;nr
receipt;7;nr
procedure;7;nr
permettre;7;ver
period;7;nr
passed;7;nr
nformi;7;nr
multiple;7;adj
minute;7;nom
melen;7;nr
loans;7;nr
justification;7;nom
impossible;7;adj
identification;7;nom
forgotten;7;nr
finance;7;nom
fin;7;adj
external;7;nr
entering;7;nr
emergency;7;nom
duration;7;nr
dropped;7;nr
deductions;7;nr
couple;7;nom
contract;7;nr
connected;7;nr
connect;7;nr
complained;7;nr
chuye;7;nr
checking;7;nr
canada;7;nom
calls;7;nr
bought;7;nr
beneficial;7;nr
acount;7;nr
withdrawals;6;nr
wire;6;nr
validated;6;nr
validate;6;nr
type;6;nom
tuesday;6;nr
technical;6;nr
takes;6;nr
succeeded;6;nr
south;6;nr
solution;6;nom
sister;6;nr
sim;6;nr
signature;6;nom
seex;6;nr
return;6;nr
reflect;6;nr
rectify;6;nr
ready;6;nr
reach;6;nr
purpose;6;nr
public;6;nom
proof;6;nr
play;6;adv
package;6;nom
organization;6;nr
operations;6;nr
nkongsamba;6;nr
massage;6;nom
lot;6;nom
kome;6;nr
insufficient;6;nr
input;6;nom
identity;6;nr
house;6;nom
gmail;6;nr
gab;6;nr
fund;6;nr
foreign;6;nr
fondzenyuy;6;nr
failure;6;nr
exchange;6;nr
exact;6;adj
europe;6;nr
download;6;nr
double;6;adj
dollar;6;nom
digit;6;nom
demand;6;nr
crédit;6;nom
costumer;6;ver
cost;6;nr
correct;6;adj
continuer;6;ver
connection;6;nr
configurer;6;ver
collected;6;nr
civil;6;adj
charger;6;ver
certificate;6;nr
carried;6;nr
cancel;6;nom
bring;6;nr
box;6;nom
authorize;6;nr
apps;6;nr
address;6;nr
yaoundé;5;nr
withdrawing;5;nr
visit;5;nr
updated;5;nr
united;5;nr
understanding;5;nr
trust;5;nom
surprise;5;nom
stranded;5;nr
store;5;nom
step;5;nr
select;5;adj
saved;5;nr
retrieve;5;nr
restriction;5;nom
respond;5;nr
remember;5;nr
remaining;5;nr
rejecting;5;nr
region;5;nr
reasons;5;nr
real;5;nr
processed;5;nr
precisely;5;nr
platform;5;nr
patient;5;nom
passport;5;nr
opt;5;nr
nigeria;5;nr
mistakenly;5;nr
mission;5;nom
meet;5;nr
maintenance;5;nom
load;5;nr
level;5;nr
laon;5;nr
knowing;5;nr
installment;5;nr
installed;5;nr
initial;5;adj
informed;5;nr
increase;5;nr
guinea;5;nr
google;5;nr
family;5;nr
everyday;5;nr
equally;5;nr
difficulties;5;nr
difficult;5;nr
delay;5;nr
declined;5;nr
daily;5;nr
creating;5;nr
correctly;5;nr
completed;5;nr
checkpoint;5;nr
central;5;adj
cancelled;5;nr
bonanjo;5;nr
avoid;5;nr
automatically;5;nr
attitude;5;nom
attached;5;nr
alright;5;nr
alert;5;nr
agreement;5;nr
advise;5;nr
advance;5;nr
accept;5;nr
workers;4;nr
wife;4;nr
west;4;nr
weekend;4;nr
waited;4;nr
viewer;4;nr
verified;4;nr
usual;4;nr
upto;4;nr
unlocked;4;nr
understood;4;nr
travelled;4;nr
traveled;4;nr
transpired;4;nr
transfered;4;nr
tired;4;nr
tern;4;nr
teacher;4;nr
swallowed;4;nr
success;4;nr
study;4;nr
student;4;nr
stolen;4;nr
stanley;4;nr
space;4;nr
slow;4;nom
slashed;4;nr
sincerely;4;nr
signaled;4;nr
shu;4;nr
server;4;nr
salaries;4;nr
removing;4;nr
remotely;4;nr
rejected;4;nr
regretting;4;nr
reduction;4;nr
reduced;4;nr
recover;4;nr
reclaim;4;nr
recieve;4;nr
reaction;4;nr
rappel;4;nom
prudential;4;nr
press;4;nr
perform;4;nr
nic;4;nr
moving;4;nr
mind;4;nr
menu;4;nom
masser;4;ver
land;4;nom
islamic;4;nr
invalid;4;nr
inquiry;4;nr
inform;4;nr
included;4;nr
huge;4;nr
hold;4;nr
happen;4;nr
granted;4;nr
germany;4;nr
garoua;4;nr
function;4;nr
france;4;nr
formal;4;nr
filling;4;nr
fellow;4;nr
explained;4;nr
expected;4;nr
expect;4;nr
ethiopian;4;nr
engaged;4;nr
débit;4;nom
drop;4;nom
disturbing;4;nr
discover;4;nr
disappointed;4;nr
direct;4;nom
digits;4;nr
delayed;4;nr
deficit;4;nr
decided;4;nr
debits;4;nr
deactivated;4;nr
cutting;4;nr
currency;4;nr
contacted;4;nr
consulted;4;nr
consult;4;nr
congo;4;nr
closest;4;nr
claim;4;nom
believable;4;nr
belgium;4;nr
banks;4;nr
aware;4;nr
attendre;4;ver
attempts;4;nr
arrived;4;nr
anydesk;4;nr
anderson;4;nr
activation;4;nom
accessing;4;nr
yrs;3;nr
xof;3;nr
written;3;nr
worst;3;nr
worried;3;nr
wondering;3;nr
wayne;3;nr
wa;3;nr
virement;3;nom
view;3;nr
useless;3;nr
unsuccessful;3;nr
unpaid;3;nr
unblocked;3;nr
unavailable;3;nr
uba;3;nr
treasury;3;nr
transport;3;nom
transfert;3;nom
transfers;3;nr
transferring;3;nr
trading;3;nr
trade;3;nr
trace;3;nom
touch;3;nr
thesame;3;nr
texting;3;nr
terrible;3;adj
sums;3;nr
succeed;3;nr
submit;3;nr
station;3;nom
statements;3;nr
soonest;3;nr
solving;3;nr
share;3;nr
seek;3;nr
secured;3;nr
secret;3;nom
satisfied;3;nr
respected;3;nr
reside;3;nr
reset;3;nom
requirements;3;nr
reinstated;3;nr
refused;3;nr
reflected;3;nr
reduce;3;nr
recognize;3;nr
realized;3;nr
quick;3;nom
promised;3;nr
promis;3;adj
promettre;3;ver
program;3;nr
proceed;3;nr
prepared;3;nr
position;3;nom
poor;3;nr
plz;3;nr
platforms;3;nr
picking;3;nr
personally;3;nr
penalizing;3;nr
payslip;3;nr
owner;3;nr
october;3;nr
ntm;3;nr
north;3;nr
night;3;nr
nigerian;3;nr
niba;3;nr
names;3;nr
mother;3;nr
monies;3;nr
moment;3;nom
modalities;3;nr
mixed;3;nr
mfatoken;3;nr
mettre;3;ver
mechine;3;nr
market;3;nr
losing;3;nr
loging;3;nr
location;3;nom
lll;3;nr
limits;3;nr
kribi;3;nr
key;3;nr
james;3;nr
issued;3;nr
iphone;3;nr
invoice;3;nr
instantly;3;nr
instant;3;nom
insisting;3;nr
inserting;3;nr
inquire;3;nr
initiated;3;nr
information;3;nom
info;3;nom
incorrect;3;adj
including;3;nr
iam;3;nr
hospital;3;nr
holder;3;nr
hmmm;3;nr
hippodrome;3;nom
hey;3;nr
hellooo;3;nr
head;3;nr
handed;3;nr
hand;3;nr
hallo;3;nr
haiti;3;nr
guide;3;nom
grant;3;nr
government;3;nr
gestionnaire;3;nom
friend;3;nr
french;3;nom
frcfa;3;nr
forwarded;3;nr
fortunately;3;nr
fortan;3;nr
forgot;3;nr
forget;3;nr
fixed;3;nr
final;3;adj
filled;3;nr
figure;3;nom
favour;3;nr
fault;3;nr
expires;3;nr
expirer;3;ver
evenx;3;nr
etoudi;3;nr
essos;3;nr
enquire;3;nr
effectif;3;adj
earn;3;nr
earlier;3;nr
division;3;nom
dispute;3;nom
disappeared;3;nr
dillard;3;nr
deposits;3;nr
department;3;nr
demanding;3;nr
deleted;3;nr
delayance;3;nr
declaration;3;nr
dated;3;nr
dakar;3;nr
counter;3;nr
count;3;nr
confused;3;nr
confus;3;adj
conducted;3;nr
condition;3;nom
compte;3;nom
complaining;3;nr
commercial;3;adj
collecting;3;nr
classic;3;nr
charles;3;nr
channel;3;nr
center;3;nr
care;3;nom
capital;3;nom
cameroonian;3;nr
calling;3;nr
building;3;nom
budget;3;nom
brokerage;3;nr
brazzaville;3;nr
bonaberi;3;nr
biyamassi;3;nr
bit;3;nom
bibi;3;nom
authorized;3;nr
attach;3;nr
atabong;3;nr
assured;3;nr
asap;3;nr
anu;3;nr
amounts;3;nr
alot;3;nr
air;3;nom
africa;3;nr
activate;3;nr
acc;3;nr
abraod;3;nr
zara;2;nr
yed;2;nr
yearly;2;nr
yahoo;2;nr
wum;2;nr
worth;2;nr
withing;2;nr
wildraw;2;nr
wifi;2;nr
wat;2;nr
wanna;2;nr
vodnyonga;2;nr
village;2;nom
video;2;nr
variation;2;nom
username;2;nr
ur;2;nr
uptill;2;nr
unusual;2;nr
unstable;2;nr
unowas;2;nr
unknown;2;nr
unjustifiably;2;nr
unique;2;adj
trip;2;nom
travelling;2;nom
transit;2;nom
trans;2;adv
tranfer;2;nr
tourism;2;nr
totally;2;nr
token;2;nr
thinking;2;nr
terms;2;nr
tells;2;nr
teller;2;nr
tazinya;2;nr
tax;2;nr
tamongu;2;nr
tal;2;nr
switzerland;2;nr
swift;2;nr
suposed;2;nr
summary;2;nr
sufficient;2;nr
subscriber;2;nr
subject;2;nr
stuff;2;nr
stress;2;nom
stopped;2;nr
stipend;2;nr
stated;2;nr
stamps;2;nr
spent;2;nr
source;2;nom
sortir;2;ver
skip;2;nom
site;2;nom
sit;2;nr
sis;2;adj
single;2;nom
signing;2;nr
shoul;2;nr
shortly;2;nr
shortcode;2;nr
shortage;2;nr
sgc;2;nr
severally;2;nr
set;2;nom
security;2;nr
scroll;2;nr
screen;2;nr
sce;2;nr
scammer;2;nr
routing;2;nr
returns;2;nr
rest;2;nr
responce;2;nr
resident;2;nr
residence;2;nr
republic;2;nr
repay;2;nr
reminder;2;nr
release;2;nr
reimbursed;2;nr
regulate;2;nr
regularised;2;nr
reflecting;2;nr
refinance;2;nr
reducing;2;nr
rectified;2;nr
record;2;nom
recognized;2;nr
reclaiming;2;nr
recipient;2;nr
recieved;2;nr
realize;2;nr
reads;2;nr
read;2;nr
reaching;2;nr
rapid;2;nr
quit;2;nr
quest;2;nr
purchases;2;nr
pull;2;nom
proper;2;nr
prompt;2;adj
profiler;2;ver
produced;2;nr
priority;2;nr
pressing;2;nom
presence;2;nr
preparation;2;nr
preoccupation;2;nr
precise;2;nr
pound;2;nom
posible;2;nr
pops;2;nr
pleas;2;nr
pleading;2;nr
plead;2;nr
pick;2;nr
physical;2;nr
personnel;2;adj
payoneer;2;nr
paul;2;nr
owned;2;nr
outstanding;2;nr
otps;2;nr
oooh;2;nr
ooh;2;nr
ofcourse;2;nr
occasion;2;nom
objects;2;nr
nyah;2;nr
numéro;2;nom
numerous;2;nr
nubila;2;nr
notify;2;nr
notified;2;nr
notifications;2;nr
note;2;nom
ngome;2;nr
ngah;2;nr
nearest;2;nr
ndian;2;nr
national;2;adj
naira;2;nom
mvog;2;nr
mundemba;2;nr
munah;2;nr
mumdemba;2;nr
moved;2;nr
monju;2;nr
moneygram;2;nr
midway;2;nr
mfoundi;2;nr
messaging;2;nr
melvine;2;nr
medical;2;nr
meant;2;nr
mbout;2;nr
mboppi;2;nr
matter;2;ver
match;2;nom
mastercard;2;nr
map;2;nr
managsers;2;nr
malabo;2;nr
loyalty;2;nr
lose;2;nr
longterm;2;nr
lock;2;nr
living;2;nom
listen;2;nr
linke;2;nr
limitless;2;nr
licensed;2;nr
late;2;nr
lastly;2;nr
lacking;2;nr
koutaba;2;nr
kondo;2;nom
kid;2;nom
kenchuo;2;nr
john;2;nr
jean;2;nom
ivory;2;nr
itoe;2;nr
inviter;2;ver
investigate;2;nr
invest;2;nr
internship;2;nr
internal;2;nr
intermediation;2;nr
interface;2;nom
intend;2;nr
intelligence;2;nom
inserted;2;nr
informing;2;nr
indicating;2;nr
india;2;nr
income;2;nr
identify;2;nr
iban;2;nr
hypodrom;2;nr
hv;2;nr
hoping;2;nr
honorer;2;ver
holiday;2;nr
hlo;2;nr
hacked;2;nr
greatful;2;nr
gonna;2;nr
gold;2;adj
gmac;2;nr
georgenjonji;2;nr
geofred;2;nr
gain;2;nom
gabgha;2;nr
fée;2;nom
freaking;2;nr
frank;2;nr
foumbot;2;nr
fotso;2;nr
fonjong;2;nr
fomantum;2;nr
fokum;2;nr
flight;2;nr
fiscal;2;adj
firsbank;2;nr
finish;2;nom
finalize;2;nr
fields;2;nr
ferdinand;2;nr
feeling;2;nom
feed;2;nr
favor;2;nr
farm;2;nr
facing;2;nr
facilitate;2;nr
expiring;2;nr
experience;2;nr
exists;2;nr
executed;2;nr
exceeded;2;nr
everytime;2;nr
eugenics;2;nr
estimate;2;nr
ernest;2;nr
equatorial;2;nr
entity;2;nr
entitles;2;nr
english;2;nr
enable;2;nr
employed;2;nr
embassy;2;nr
electronic;2;nr
effected;2;nr
economic;2;nr
ecobank;2;nr
ebanking;2;nr
easily;2;nr
downloading;2;nr
doubt;2;nr
dose;2;nom
doors;2;nr
doc;2;nom
dissatisfied;2;nr
disponible;2;adj
displays;2;nr
displayed;2;nr
discussion;2;nom
discount;2;nom
disappearing;2;nr
difficulty;2;nr
dhabi;2;nr
devin;2;nom
depend;2;nr
denied;2;nr
deducting;2;nr
deduced;2;nr
deduce;2;nr
decorlab;2;nr
declining;2;nr
debt;2;nr
debiting;2;nr
deadline;2;nom
dat;2;nr
damas;2;nom
cuz;2;nr
cutled;2;nr
crucial;2;adj
critical;2;nr
cricut;2;nr
creat;2;nr
county;2;nr
counting;2;nr
costume;2;nom
corrected;2;nr
conversation;2;nom
continuation;2;nom
consulting;2;nr
constant;2;adj
considered;2;nr
confusing;2;nr
concerns;2;nr
compt;2;nr
collaboration;2;nom
coast;2;nr
clarify;2;nr
clarifications;2;nr
christian;2;nr
chiner;2;ver
childrens;2;nr
children;2;nr
chat;2;nom
chah;2;nom
cellphone;2;nr
cbao;2;nr
causing;2;nr
cashout;2;nr
captured;2;nr
campost;2;nr
cameroun;2;nr
cam;2;nr
button;2;nr
browser;2;nr
brothers;2;nr
brother;2;nr
breach;2;nr
bonsoir;2;nom
bonapriso;2;nr
body;2;nom
bobga;2;nr
bloquer;2;ver
bjr;2;nr
biyem;2;nr
bissau;2;nr
bill;2;nom
bila;2;nr
bessengue;2;nr
bertoua;2;nr
bennett;2;nr
bc;2;nr
bastos;2;nom
base;2;nom
avenue;2;nom
authorise;2;nr
attempted;2;nr
atp;2;nr
atleast;2;nr
assurance;2;nom
arriver;2;ver
approval;2;nr
apple;2;nr
apande;2;nr
anytime;2;nr
amsterdam;2;nr
ambam;2;nr
alternative;2;nom
alo;2;nr
allowed;2;nr
allowance;2;nr
algeria;2;nr
akwa;2;nr
agofack;2;nr
agence;2;nom
agbor;2;nr
afrilandfirstbank;2;nr
african;2;nr
afraid;2;nr
actual;2;nr
activated;2;nr
acct;2;nr
accountant;2;nr
acacia;2;nom
abu;2;nr
équatorial;1;adj
électronique;1;adj
zone;1;nom
yuan;1;nom
yr;1;nr
yokadouma;1;nr
yo;1;nr
ydé;1;nr
xxxxxxxxxxxxxxxxxxxxxxxxxxxxxxxxxxxxxxxxxxxxxxxxxxxxxxxxxxxxxxxxxxxxxxxxxxxxxxxxxxxxxxxxxxxxxxxxxxxxxxxxxxxxxxxx;1;nr
xfa;1;nr
xap;1;nr
worker;1;nr
wonderful;1;nr
woke;1;nr
wks;1;nr
wits;1;nr
witnessed;1;nr
witness;1;nr
withstanding;1;nr
withrawal;1;nr
withheld;1;nr
wisk;1;nr
wished;1;nr
wise;1;nr
willl;1;nr
widrow;1;nr
wht;1;nr
whatsoever;1;nr
wh;1;nr
wgich;1;nr
wen;1;nr
weh;1;nr
weekly;1;nr
weekends;1;nr
weeeeh;1;nr
war;1;nr
wan;1;nr
walley;1;nr
vpayfast;1;nr
voice;1;nr
vision;1;nom
ville;1;nom
vianey;1;nr
verifying;1;nr
verifications;1;nr
vanessa;1;nr
valnzima;1;nr
valerynzima;1;nr
vain;1;adj
vai;1;nr
ussing;1;nr
upward;1;nr
upset;1;nr
uploaded;1;nr
upgraded;1;nr
updating;1;nr
unwanted;1;nr
untill;1;nr
unsuccessfully;1;nr
unsubscription;1;nr
unscrupulous;1;nr
unprofessional;1;nr
unlock;1;nr
unlink;1;nr
unjustly;1;nr
unjustified;1;nr
unjust;1;nr
university;1;nr
uninstalling;1;nr
unfortnately;1;nr
unfair;1;nr
unexplained;1;nr
unexpectedly;1;nr
unexpected;1;nr
unduly;1;nr
undersdanding;1;nr
uncompleted;1;nr
unauthorized;1;nr
unaccounted;1;nr
uemoa;1;nr
tye;1;nr
tweet;1;nr
true;1;nr
tree;1;nr
treatment;1;nr
treating;1;nr
traveling;1;nr
transmitter;1;nr
transfering;1;nr
trait;1;nom
training;1;nom
track;1;nr
topup;1;nr
tommorow;1;nr
tive;1;nr
tingha;1;nr
timely;1;nr
tiko;1;nr
tight;1;nr
tied;1;nr
ticket;1;nom
thst;1;nr
tho;1;nr
thirdly;1;nr
thieves;1;nr
thier;1;nr
tha;1;nr
terrorists;1;nr
terrified;1;nr
temes;1;nr
telephone;1;nr
teaches;1;nr
teachers;1;nr
teach;1;nr
taxe;1;nom
taught;1;nr
target;1;nr
tamngwa;1;nr
tamdja;1;nr
taiwan;1;nr
tac;1;nom
tabot;1;nr
tabling;1;nr
table;1;nom
sylvia;1;nr
sylvanus;1;nr
switched;1;nr
svp;1;adv
susspended;1;nr
suspense;1;nom
surely;1;nr
summing;1;nr
suitable;1;nr
suffering;1;nr
suffer;1;nr
suddenly;1;nr
subtracting;1;nr
subscriptions;1;nr
submission;1;nr
stretch;1;nom
strategy;1;nr
strange;1;nr
stories;1;nr
stop;1;nom
stood;1;nr
stollen;1;nr
stock;1;nom
stipulating;1;nr
steps;1;nr
stayed;1;nr
stay;1;nr
status;1;nom
starving;1;nr
starting;1;nr
standard;1;adj
stand;1;nom
staff;1;nom
speaking;1;nr
spain;1;nr
southwest;1;nr
sorted;1;nr
soooo;1;nr
soo;1;nr
song;1;nom
solicit;1;nr
social;1;adj
snapshot;1;nr
sleeping;1;nom
sing;1;nr
simply;1;nr
simple;1;adj
silence;1;nom
signe;1;nom
signatory;1;nr
shotcode;1;nr
shortcut;1;nr
shock;1;nr
shipment;1;nr
shared;1;nr
sgbc;1;nr
seventh;1;nr
setup;1;nr
settled;1;nr
settle;1;nr
settings;1;nr
setting;1;nr
servicing;1;nr
servant;1;adj
series;1;nr
september;1;nr
senr;1;nr
senior;1;adj
senegal;1;nr
sends;1;nr
sell;1;nr
seing;1;nom
sebastiene;1;nr
search;1;nr
screenshots;1;nr
scolaire;1;adj
schools;1;nr
scholarship;1;nr
schedule;1;nr
scb;1;nr
scared;1;nr
scan;1;nr
sbs;1;nr
sayexternal;1;nr
satisfaction;1;nom
santalucia;1;nr
samtech;1;nr
sale;1;adj
salaire;1;nom
sahel;1;nr
safe;1;nr
région;1;nom
réaction;1;nom
rush;1;nom
running;1;nom
ruining;1;nr
rude;1;adj
roukayatou;1;nr
roughly;1;nr
rouge;1;adj
rotten;1;nr
road;1;nr
risky;1;nr
risk;1;nr
rights;1;nr
ridiculous;1;nr
richard;1;adj
rh;1;nr
reward;1;nr
reversal;1;nr
reveresed;1;nr
retry;1;nr
retorno;1;nr
retained;1;nr
resume;1;nr
result;1;nr
restraining;1;nr
restoring;1;nr
restarting;1;nr
responsible;1;nr
responsibilities;1;nr
responded;1;nr
resolve;1;nr
reserve;1;nr
resend;1;nr
rescue;1;nr
reschedule;1;nr
requirments;1;nr
require;1;nr
reputation;1;nr
reputable;1;nr
repurchase;1;nr
represents;1;nr
represent;1;nr
reported;1;nr
replier;1;ver
replacement;1;nom
repel;1;nr
repeating;1;nr
repeated;1;nr
repeat;1;nr
reopening;1;nr
rents;1;nr
renewed;1;nr
renewal;1;nr
rendering;1;nr
remote;1;nr
remittance;1;nr
reminding;1;nr
reminders;1;nr
rembourser;1;ver
remains;1;nr
remain;1;nom
relieve;1;nr
relationship;1;nr
relation;1;nom
relating;1;nr
relatif;1;adj
rejects;1;nr
reject;1;nr
reinstituted;1;nr
reinitialised;1;nr
regularization;1;nr
regularise;1;nr
regular;1;nr
regret;1;nom
refusing;1;nr
refuser;1;ver
refundable;1;nr
reflects;1;nr
refine;1;nr
refill;1;nr
redressed;1;nr
redo;1;nr
redebloque;1;nr
recu;1;nr
rectification;1;nom
recovering;1;nr
recorded;1;nr
reclaimed;1;nr
recieving;1;nr
recharged;1;nr
rechargeable;1;adj
receptionist;1;nr
reception;1;nr
receives;1;nr
receipts;1;nr
reality;1;nr
reading;1;nr
reactivate;1;nr
react;1;nr
raphaël;1;nr
ransom;1;nr
raised;1;nr
quater;1;adv
quality;1;nr
putting;1;nom
pushed;1;nr
purchase;1;nr
pulled;1;nr
préoccupation;1;nom
provider;1;nom
prove;1;nr
prosper;1;nr
properties;1;nr
properly;1;nr
promt;1;nr
promptitude;1;nom
projet;1;nom
projects;1;nr
progressively;1;nr
progress;1;nr
products;1;nr
production;1;nom
producing;1;nr
procurement;1;nr
procuration;1;nom
procedures;1;nr
problème;1;nom
probable;1;adj
privileges;1;nr
prison;1;nom
prior;1;nr
printing;1;nr
printid;1;nr
principles;1;nr
principal;1;adj
princessuzi;1;nr
pressurer;1;ver
pressed;1;nr
presiding;1;nr
preoccupations;1;nr
prefer;1;nr
predicament;1;nr
precision;1;nr
ppl;1;nr
possibilities;1;nr
positif;1;adj
pos;1;nr
portfolio;1;nom
porfolio;1;nr
popping;1;nr
pop;1;adj
politely;1;nr
policy;1;nr
pme;1;nr
plot;1;nom
pleased;1;nr
playstore;1;nr
playstoore;1;nr
plateni;1;nr
plateform;1;nr
plaster;1;nr
planned;1;nr
plan;1;nom
pink;1;nom
piece;1;nr
petrol;1;nr
persists;1;nr
persisting;1;nr
persist;1;nr
permitting;1;nr
permission;1;nom
permanent;1;adj
perm;1;nom
percer;1;ver
percentage;1;nr
perceive;1;nr
penja;1;nr
penalty;1;nom
penalises;1;nr
penalise;1;nr
peace;1;nr
pbs;1;nr
payout;1;nr
payer;1;ver
payed;1;nr
payback;1;nr
payable;1;adj
patiently;1;nr
patience;1;nom
patem;1;nr
passing;1;nom
park;1;nr
parfaire;1;ver
parer;1;ver
paper;1;nr
palmier;1;nom
pakage;1;nr
pain;1;nom
paiement;1;nom
packeco;1;nr
packageeco;1;nr
owe;1;nr
overseas;1;nr
outlook;1;nr
origin;1;nr
opérate;1;nr
operator;1;nr
operational;1;nr
onlock;1;nr
onljne;1;nr
ongoing;1;nr
ola;1;nom
okkk;1;nr
okey;1;nr
ohhh;1;nr
official;1;nom
offered;1;nr
offer;1;nr
offen;1;nr
ofcouse;1;nr
odz;1;nr
occurring;1;nr
occurred;1;nr
não;1;nr
numfo;1;nr
nsam;1;nr
notifying;1;nr
notging;1;nr
noo;1;nr
nonsense;1;nom
nom;1;nom
nlep;1;nr
nkwami;1;nr
nkambe;1;nr
nkaley;1;nr
njonji;1;nr
niu;1;nr
nid;1;nom
nicolaine;1;nr
nice;1;nom
nguemkam;1;nr
ngowo;1;nr
ngolle;1;nr
ngoketunjia;1;nr
ngoh;1;nr
ngeanoh;1;nr
ngaoundere;1;nr
ngaoundera;1;nr
ngamndamue;1;nr
newbell;1;nr
nervous;1;nr
neh;1;nr
nearme;1;nr
nearby;1;nr
ndokoti;1;nr
nchoukabou;1;nr
nchia;1;nr
nb;1;nr
naw;1;nr
nation;1;nom
nar;1;nr
nanfo;1;nr
mvan;1;nr
muter;1;ver
msg;1;nr
mounting;1;nr
motina;1;nr
motif;1;nom
morethan;1;nr
moreso;1;nr
moonpay;1;nr
monter;1;ver
monitoring;1;nom
monitor;1;nom
moneys;1;nr
mofor;1;nr
modus_operandi;1;nom
modernisation;1;nom
mobilemoney;1;nr
mng;1;nr
misunderstanding;1;nr
misspelled;1;nr
missed;1;nr
misplaced;1;nr
miscalculation;1;nr
ministry;1;nr
minimum;1;nom
minesup;1;nr
military;1;nr
microfinance;1;nr
meu;1;nr
messa;1;nr
merçi;1;nr
merchant;1;nr
meombo;1;nr
mentioned;1;nr
mendon;1;nr
melanie;1;nr
mekone;1;nr
mecredi;1;nr
measage;1;nr
meaningless;1;nr
mbzi;1;nr
mbi;1;nr
mbetngam;1;nr
matos;1;nom
marriage;1;nr
maroua;1;nr
mark;1;nom
marché;1;nom
marcher;1;ver
manner;1;nr
mangers;1;nr
mandatory;1;nr
mananger;1;nr
management;1;nom
managed;1;nr
mam;1;nom
malih;1;nr
malfunctioning;1;nr
malfunction;1;nr
maison;1;nom
maga;1;nr
mabujof;1;nr
mabujo;1;nr
louden;1;nr
losn;1;nr
lorriaine;1;nr
loose;1;nr
looked;1;nr
longtso;1;nr
loic;1;nr
lodge;1;nr
locked;1;nr
located;1;nr
local;1;adj
loading;1;nr
list;1;nr
links;1;nr
linking;1;nr
likee;1;nr
lifted;1;nr
legitimate;1;nr
lebelled;1;nr
leaves;1;nr
layers;1;nr
launch;1;nr
lateral;1;nr
language;1;nr
laid;1;adj
lady;1;nom
kusuri;1;nr
kunde;1;nr
kumassi;1;nr
ku;1;nr
ks;1;nr
knw;1;nr
knowledge;1;nr
knowhow;1;nr
kk;1;nr
kit;1;nom
kin;1;nr
kidnapping;1;nom
kidnapped;1;nr
keeping;1;nr
kan;1;nom
já;1;nr
junior;1;adj
juncture;1;nr
josué;1;nr
joining;1;nr
joined;1;nr
johannesburg;1;nr
job;1;nom
jefi;1;nr
jan;1;nr
issure;1;nr
issuance;1;nr
irrévocable;1;adj
irritating;1;nr
irrespective;1;nr
irregularity;1;nr
iraq;1;nr
iny;1;nr
investment;1;nr
inventory;1;nr
intituler;1;ver
intervention;1;nom
intership;1;nr
intermediary;1;nr
intended;1;nr
intact;1;adj
instance;1;nom
installments;1;nr
installing;1;nr
insist;1;nr
insecurity;1;nr
inquiring;1;nr
inorder;1;nr
injustice;1;nom
initiate;1;nr
initially;1;nr
individual;1;nr
indisponible;1;adj
indebtedness;1;nr
increased;1;nr
inconveniencing;1;nr
inconvenience;1;nr
incomplete;1;nr
incompetent;1;nr
inadvertently;1;nr
inactivity;1;nr
imtwo;1;nr
imput;1;nr
impatiently;1;nr
ignorer;1;ver
ic;1;nr
hère;1;nom
hyppodromme;1;nr
hw;1;nr
husband;1;nr
humm;1;nr
huawei;1;nr
hrs;1;nr
hotel;1;nr
honestly;1;nr
holding;1;nom
hitting;1;nr
historic;1;nr
hilary;1;nr
highly;1;nr
henry;1;nom
henceforth;1;nr
helping;1;nr
helpful;1;nr
heloo;1;nr
hellooooo;1;nr
helloooo;1;nr
helen;1;nr
held;1;nr
hectare;1;nom
heart;1;nr
hearing;1;nr
hear;1;nr
hav;1;nr
hauzen;1;nr
harrison;1;nr
hard;1;adj
hangar;1;nom
handles;1;nr
handled;1;nr
handle;1;nr
habit;1;nom
guniea;1;nr
guittance;1;nr
guess;1;nr
guchet;1;nr
guarantee;1;nr
gros;1;adj
greeting;1;nr
grand;1;adj
god;1;nr
glad;1;nr
gisla;1;nr
german;1;nr
george;1;nr
gdmornx;1;nr
gdafternoon;1;nr
funded;1;nr
fundamentally;1;nr
functions;1;nr
fts;1;nr
ftom;1;nr
frustration;1;nom
frustrated;1;nr
frustating;1;nr
frse;1;nr
frist;1;nr
friends;1;nr
fri;1;nr
freind;1;nr
freeze;1;nr
frais;1;adj
foward;1;nr
fortrade;1;nr
formality;1;nr
forkanji;1;nr
foriegn;1;nr
fora;1;nr
follower;1;nr
fluctuating;1;nr
flexible;1;adj
flash;1;nom
firstbank;1;nr
firm;1;nr
finished;1;nr
findout;1;nr
finding;1;nr
financing;1;nr
fiemetia;1;nr
field;1;nom
fidelis;1;nr
feu;1;nom
felow;1;nr
feel;1;nr
favourable;1;nr
faustrate;1;nr
father;1;nr
faster;1;nr
fast;1;nr
fascilitate;1;nr
fap;1;nr
falls;1;nr
fallen;1;nr
fake;1;nr
fair;1;nr
fails;1;nr
facture;1;nom
facilitating;1;nr
facilitates;1;nr
extorting;1;nr
extent;1;nr
extend;1;nr
expressed;1;nr
exportation;1;nom
export;1;nom
explanations;1;nr
explains;1;nr
explaining;1;nr
expert;1;nom
experiencing;1;nr
experienced;1;nr
expediteur;1;nr
exister;1;ver
exist;1;nr
executing;1;nr
exchanges;1;nr
excessif;1;adj
ewanstrading;1;nr
ewangs;1;nr
everning;1;nr
europ;1;nr
estate;1;nr
essence;1;nom
esemu;1;nr
equipments;1;nr
epie;1;nr
enviei;1;nr
entitled;1;nr
enquiry;1;nr
enquiries;1;nr
enquirer;1;nr
enow;1;nr
enjoy;1;nr
emptied;1;nr
emailed;1;nr
electronics;1;nr
electrical;1;nr
electric;1;nr
ekieéeee;1;nr
ekeni;1;nr
efu;1;nr
efirst;1;nr
effectuate;1;nr
ebolowa;1;nr
easygo;1;nr
easy;1;nr
eases;1;nr
earner;1;nr
dze;1;nr
dying;1;nr
duplicated;1;nr
duplicate;1;nom
draw;1;nr
drain;1;nom
dr;1;nr
dovv;1;nr
doubts;1;nr
dormir;1;ver
door;1;nr
donot;1;nr
donner;1;ver
domiciliary;1;nr
dnt;1;nr
dla;1;nr
disturbances;1;nr
disturb;1;nr
disservice;1;nr
dissatisfaction;1;nr
dissappearing;1;nr
displaying;1;nr
dismay;1;nr
disgusting;1;nr
disgruntled;1;nr
discuss;1;nr
discouraging;1;nr
disconnected;1;nr
discharge;1;nr
disbursed;1;nr
disatisfaction;1;nr
disastrous;1;nr
disappearance;1;nr
director;1;nr
directed;1;nr
dime;1;nr
digipass;1;nr
différent;1;adj
difference;1;nr
didnot;1;nr
didficulty;1;nr
dialling;1;nr
develop;1;nr
detected;1;nr
detailed;1;nr
desperately;1;nr
desk;1;nom
desired;1;nr
design;1;nom
deserve;1;nr
desactivated;1;nr
depositing;1;nr
deposite;1;nr
depbing;1;nr
deodonnesong;1;nr
deodonne;1;nr
demands;1;nr
demanded;1;nr
dem;1;nr
delays;1;nr
delaying;1;nr
degit;1;nr
defined;1;nr
dedicated;1;nr
decreasing;1;nr
declaring;1;nr
debts;1;nr
deal;1;nom
dead;1;nr
deactivate;1;nr
dassi;1;nr
damand;1;nr
dail;1;nr
dados;1;nr
cvv;1;nr
curtailments;1;nr
culting;1;nr
crzg;1;nr
cryptocurrency;1;nr
crypto;1;nom
crisis;1;nr
credentials;1;nr
creation;1;nr
cover;1;nr
cousin;1;nom
course;1;nom
courir;1;ver
couper;1;ver
countries;1;nom
counld;1;nr
costly;1;nr
corporate;1;nr
copyright;1;nom
cope;1;nr
cookie;1;nom
converting;1;nr
converted;1;nr
contrary;1;nr
continuously;1;nr
continued;1;nr
conter;1;ver
contacting;1;nr
construction;1;nom
considération;1;nom
connecter;1;ver
confrere;1;nr
confirmed;1;nr
concluded;1;nr
concerned;1;nr
conakry;1;nr
comunicating;1;nr
complication;1;nom
complicated;1;nr
complicate;1;nr
complains;1;nr
compiler;1;ver
competent;1;nr
compelled;1;nr
comparer;1;ver
commodities;1;nr
commitments;1;nr
commissariatte;1;nr
commerce;1;nom
commands;1;nr
comfirm;1;nr
college;1;nr
collection;1;nom
colleague;1;nr
coinbase;1;nr
coin;1;nom
cnps;1;nr
clue;1;nr
clovis;1;nr
closer;1;nr
closed;1;nr
clearing;1;nom
cleared;1;nr
clarity;1;nr
clarified;1;nr
claims;1;nr
claiming;1;nr
claimed;1;nr
citer;1;ver
cicil;1;nr
chèque;1;nom
chould;1;nr
chose;1;nom
choice;1;nr
chile;1;nr
child;1;nr
chiaboh;1;nr
chf;1;nr
chevallery;1;nr
cheghe;1;nr
check_updates;1;nr
check_update;1;nr
charting;1;nr
charging;1;nr
challenging;1;nr
challenge;1;nom
chai;1;nom
ceo;1;nr
ceiling;1;nr
cct;1;nr
cca;1;nr
cashing;1;nr
cashier;1;nr
cashed;1;nr
cart;1;nr
carrying;1;nr
carries;1;nr
carrefour;1;nom
carlos;1;nr
careless;1;nr
cannit;1;nr
campagn;1;nr
caise;1;nr
cacher;1;ver
cacardi;1;nr
byt;1;nr
byamasi;1;nr
businessman;1;nom
burning;1;nr
burial;1;nr
bundles;1;nr
buma;1;nr
build;1;nr
bsr;1;nr
broker;1;nom
brazil;1;nr
branche;1;nom
brach;1;nr
bother;1;nr
boss;1;nom
borrowed;1;nr
borrow;1;nr
born;1;nr
booked;1;nr
bonjour;1;nom
bongbi;1;nr
bonamoussadi;1;nr
bonajou;1;nr
bonajo;1;nr
boire;1;ver
boat;1;nr
blood;1;nr
blinkist;1;nr
blc;1;nr
blanc;1;adj
bjrs;1;nr
biyemassi;1;nr
biyammasi;1;nr
birth;1;nr
billing;1;nr
bgfi;1;nr
beyaminu;1;nr
besong;1;nr
besingi;1;nr
beris;1;nr
benefit;1;nr
beneficiaries;1;nr
beneficail;1;nr
bello;1;nr
bell;1;nr
behold;1;nr
behaving;1;nr
behalf;1;nr
begging;1;nr
beg;1;nr
bearing;1;nr
bear;1;nr
beac;1;nr
bbva;1;nr
basis;1;nr
barbuda;1;nr
bancaire;1;adj
baleng;1;nr
bag;1;nr
bafouss;1;nr
badly;1;nr
awaiting;1;nr
availability;1;nr
automated;1;nr
authorizing;1;nr
authentification;1;nom
auntie;1;nr
attended;1;nr
attempt;1;nr
attacked;1;nr
attack;1;nr
attachment;1;nr
atms;1;nr
atall;1;nr
assy;1;nr
assistant;1;nom
assi;1;nr
aseh;1;nr
arrival;1;nr
arreas;1;nr
arrear;1;nr
arm;1;nr
aright;1;nr
aready;1;nr
arbitrary;1;nr
appstore;1;nr
approved;1;nr
applying;1;nr
anthony;1;nr
ant;1;nr
answers;1;nr
answered;1;nr
anomaly;1;nr
annual;1;nr
ange;1;nom
analysis;1;nr
america;1;nr
alreasy;1;nr
allan;1;nr
airport;1;nr
ainda;1;nr
aim;1;nr
aided;1;nr
aicha;1;nr
agio;1;nom
age;1;nom
afterward;1;nr
afrilandfristbank;1;nr
afrilandfirst;1;nr
afrila;1;nr
afrikland;1;nr
afribank;1;nr
afo;1;nr
advised;1;nr
adviced;1;nr
advantages;1;nr
advanced;1;nr
adjusting;1;nr
activities;1;nr
action;1;nom
acting;1;nr
acquire;1;nr
acknowledge;1;nr
achieve;1;nr
acess;1;nr
accès;1;nom
accuser;1;ver
accumulation;1;nom
accumulating;1;nr
accumulated;1;nr
accout;1;nr
accont;1;nr
accommodation;1;nom
accident;1;nom
accias;1;nr
accessible;1;adj
accessibility;1;nr
acassia;1;nr
acasia;1;nr
academic;1;nr
abt;1;nr
abroard;1;nr
abnormal;1;nr
abit;1;nr
abertura;1;nr
abednego;1;nr
abd;1;nr
abam;1;nr